Workbook
Name Slicer_Month: #N/A
Name Slicer_Region: #N/A

Sheet Dashboard 1
D8: icture

Sheet Dashboard 2
D8: icture

Sheet Input Data
A1: DATE | B1: CUSTOMER NAME | C1: PRODUCT | D1: UNIT PRICE ($) | E1: QUANTITY | F1: Actual | G1: Country | H1: Region | I1: Month | J1: Week
A2: 44197 | B2: Customer33 | C2: Product24 | D2: 156.96 | E2: 9 | F2: =InputData[[#This Row],[UNIT PRICE ($)]]*InputData[[#This Row],[QUANTITY]] -> 1412.64 | G2: =VLOOKUP(InputData[[#This Row],[CUSTOMER NAME]],Country[],2,0) -> India | H2: =VLOOKUP(InputData[[#This Row],[CUSTOMER NAME]],Country[],3,0) -> Western | I2: =TEXT(InputData[[#This Row],[DATE]],"mmm") -> Jan | J2: =WEEKNUM(InputData[[#This Row],[DATE]]) -> 1
A3: 44197 | B3: Customer29 | C3: Product22 | D3: 141.57 | E3: 1 | F3: =InputData[[#This Row],[UNIT PRICE ($)]]*InputData[[#This Row],[QUANTITY]] -> 141.57 | G3: =VLOOKUP(InputData[[#This Row],[CUSTOMER NAME]],Country[],2,0) -> India | H3: =VLOOKUP(InputData[[#This Row],[CUSTOMER NAME]],Country[],3,0) -> South | I3: =TEXT(InputData[[#This Row],[DATE]],"mmm") -> Jan | J3: =WEEKNUM(InputData[[#This Row],[DATE]]) -> 1
A4: 44198 | B4: Customer31 | C4: Product38 | D4: 79.92 | E4: 15 | F4: =InputData[[#This Row],[UNIT PRICE ($)]]*InputData[[#This Row],[QUANTITY]] -> 1198.8 | G4: =VLOOKUP(InputData[[#This Row],[CUSTOMER NAME]],Country[],2,0) -> India | H4: =VLOOKUP(InputData[[#This Row],[CUSTOMER NAME]],Country[],3,0) -> North | I4: =TEXT(InputData[[#This Row],[DATE]],"mmm") -> Jan | J4: =WEEKNUM(InputData[[#This Row],[DATE]]) -> 1
A5: 44198 | B5: Customer03 | C5: Product33 | D5: 119.7 | E5: 1 | F5: =InputData[[#This Row],[UNIT PRICE ($)]]*InputData[[#This Row],[QUANTITY]] -> 119.7 | G5: =VLOOKUP(InputData[[#This Row],[CUSTOMER NAME]],Country[],2,0) -> India | H5: =VLOOKUP(InputData[[#This Row],[CUSTOMER NAME]],Country[],3,0) -> Northeast | I5: =TEXT(InputData[[#This Row],[DATE]],"mmm") -> Jan | J5: =WEEKNUM(InputData[[#This Row],[DATE]]) -> 1
A6: 44198 | B6: Customer05 | C6: Product15 | D6: 15.72 | E6: 2 | F6: =InputData[[#This Row],[UNIT PRICE ($)]]*InputData[[#This Row],[QUANTITY]] -> 31.44 | G6: =VLOOKUP(InputData[[#This Row],[CUSTOMER NAME]],Country[],2,0) -> India | H6: =VLOOKUP(InputData[[#This Row],[CUSTOMER NAME]],Country[],3,0) -> Northeast | I6: =TEXT(InputData[[#This Row],[DATE]],"mmm") -> Jan | J6: =WEEKNUM(InputData[[#This Row],[DATE]]) -> 1
A7: 44198 | B7: Customer35 | C7: Product10 | D7: 164.28 | E7: 7 | F7: =InputData[[#This Row],[UNIT PRICE ($)]]*InputData[[#This Row],[QUANTITY]] -> 1149.96 | G7: =VLOOKUP(InputData[[#This Row],[CUSTOMER NAME]],Country[],2,0) -> India | H7: =VLOOKUP(InputData[[#This Row],[CUSTOMER NAME]],Country[],3,0) -> North | I7: =TEXT(InputData[[#This Row],[DATE]],"mmm") -> Jan | J7: =WEEKNUM(InputData[[#This Row],[DATE]]) -> 1
A8: 44198 | B8: Customer38 | C8: Product13 | D8: 122.08 | E8: 6 | F8: =InputData[[#This Row],[UNIT PRICE ($)]]*InputData[[#This Row],[QUANTITY]] -> 732.48 | G8: =VLOOKUP(InputData[[#This Row],[CUSTOMER NAME]],Country[],2,0) -> India | H8: =VLOOKUP(InputData[[#This Row],[CUSTOMER NAME]],Country[],3,0) -> Northeast | I8: =TEXT(InputData[[#This Row],[DATE]],"mmm") -> Jan | J8: =WEEKNUM(InputData[[#This Row],[DATE]]) -> 1
A9: 44198 | B9: Customer39 | C9: Product15 | D9: 15.72 | E9: 25 | F9: =InputData[[#This Row],[UNIT PRICE ($)]]*InputData[[#This Row],[QUANTITY]] -> 393 | G9: =VLOOKUP(InputData[[#This Row],[CUSTOMER NAME]],Country[],2,0) -> Germany | H9: =VLOOKUP(InputData[[#This Row],[CUSTOMER NAME]],Country[],3,0) -> Export | I9: =TEXT(InputData[[#This Row],[DATE]],"mmm") -> Jan | J9: =WEEKNUM(InputData[[#This Row],[DATE]]) -> 1
A10: 44199 | B10: Customer34 | C10: Product14 | D10: 146.72 | E10: 21 | F10: =InputData[[#This Row],[UNIT PRICE ($)]]*InputData[[#This Row],[QUANTITY]] -> 3081.12 | G10: =VLOOKUP(InputData[[#This Row],[CUSTOMER NAME]],Country[],2,0) -> India | H10: =VLOOKUP(InputData[[#This Row],[CUSTOMER NAME]],Country[],3,0) -> Northeast | I10: =TEXT(InputData[[#This Row],[DATE]],"mmm") -> Jan | J10: =WEEKNUM(InputData[[#This Row],[DATE]]) -> 2
A11: 44199 | B11: Customer18 | C11: Product43 | D11: 83.08 | E11: 9 | F11: =InputData[[#This Row],[UNIT PRICE ($)]]*InputData[[#This Row],[QUANTITY]] -> 747.72 | G11: =VLOOKUP(InputData[[#This Row],[CUSTOMER NAME]],Country[],2,0) -> India | H11: =VLOOKUP(InputData[[#This Row],[CUSTOMER NAME]],Country[],3,0) -> Western | I11: =TEXT(InputData[[#This Row],[DATE]],"mmm") -> Jan | J11: =WEEKNUM(InputData[[#This Row],[DATE]]) -> 2
A12: 44199 | B12: Customer20 | C12: Product38 | D12: 79.92 | E12: 31 | F12: =InputData[[#This Row],[UNIT PRICE ($)]]*InputData[[#This Row],[QUANTITY]] -> 2477.52 | G12: =VLOOKUP(InputData[[#This Row],[CUSTOMER NAME]],Country[],2,0) -> United Kingdom | H12: =VLOOKUP(InputData[[#This Row],[CUSTOMER NAME]],Country[],3,0) -> Export | I12: =TEXT(InputData[[#This Row],[DATE]],"mmm") -> Jan | J12: =WEEKNUM(InputData[[#This Row],[DATE]]) -> 2
A13: 44199 | B13: Customer37 | C13: Product04 | D13: 48.84 | E13: 5 | F13: =InputData[[#This Row],[UNIT PRICE ($)]]*InputData[[#This Row],[QUANTITY]] -> 244.2 | G13: =VLOOKUP(InputData[[#This Row],[CUSTOMER NAME]],Country[],2,0) -> United States of America | H13: =VLOOKUP(InputData[[#This Row],[CUSTOMER NAME]],Country[],3,0) -> Export | I13: =TEXT(InputData[[#This Row],[DATE]],"mmm") -> Jan | J13: =WEEKNUM(InputData[[#This Row],[DATE]]) -> 2
... A833: 44561 | B833: Customer18 | C833: Product33 | D833: 119.7 | E833: 12 | F833: =InputData[[#This Row],[UNIT PRICE ($)]]*InputData[[#This Row],[QUANTITY]] -> 1436.4 | G833: =VLOOKUP(InputData[[#This Row],[CUSTOMER NAME]],Country[],2,0) -> India | H833: =VLOOKUP(InputData[[#This Row],[CUSTOMER NAME]],Country[],3,0) -> Western | I833: =TEXT(InputData[[#This Row],[DATE]],"mmm") -> Dec | J833: =WEEKNUM(InputData[[#This Row],[DATE]]) -> 53

Sheet Target
A1: Month | B1: Month Name | C1: Target ($) | D1: Actual | E1: Bellow | F1: Above
A2: 1 | B2: Jan | C2: 90000 | D2: =VLOOKUP(TargetData[[#This Row],[Month Name]],Analysis!C1:D13,2,0) -> 92118.79 | E2: =IF(TargetData[[#This Row],[Actual]]<TargetData[[#This Row],[Target ($)]],TargetData[[#This Row],[Actual]],NA()) -> #N/A | F2: =IF(TargetData[[#This Row],[Actual]]>=TargetData[[#This Row],[Target ($)]],TargetData[[#This Row],[Actual]],NA()) -> 92118.79
A3: 2 | B3: Feb | C3: 100000 | D3: =VLOOKUP(TargetData[[#This Row],[Month Name]],Analysis!C2:D14,2,0) -> 91137.05 | E3: =IF(TargetData[[#This Row],[Actual]]<TargetData[[#This Row],[Target ($)]],TargetData[[#This Row],[Actual]],NA()) -> 91137.05 | F3: =IF(TargetData[[#This Row],[Actual]]>=TargetData[[#This Row],[Target ($)]],TargetData[[#This Row],[Actual]],NA()) -> #N/A
A4: 3 | B4: Mar | C4: 100000 | D4: =VLOOKUP(TargetData[[#This Row],[Month Name]],Analysis!C3:D15,2,0) -> 97920.72 | E4: =IF(TargetData[[#This Row],[Actual]]<TargetData[[#This Row],[Target ($)]],TargetData[[#This Row],[Actual]],NA()) -> 97920.72 | F4: =IF(TargetData[[#This Row],[Actual]]>=TargetData[[#This Row],[Target ($)]],TargetData[[#This Row],[Actual]],NA()) -> #N/A
A5: 4 | B5: Apr | C5: 100000 | D5: =VLOOKUP(TargetData[[#This Row],[Month Name]],Analysis!C4:D16,2,0) -> 72320.89 | E5: =IF(TargetData[[#This Row],[Actual]]<TargetData[[#This Row],[Target ($)]],TargetData[[#This Row],[Actual]],NA()) -> 72320.89 | F5: =IF(TargetData[[#This Row],[Actual]]>=TargetData[[#This Row],[Target ($)]],TargetData[[#This Row],[Actual]],NA()) -> #N/A
A6: 5 | B6: May | C6: 90000 | D6: =VLOOKUP(TargetData[[#This Row],[Month Name]],Analysis!C5:D17,2,0) -> 70511.76 | E6: =IF(TargetData[[#This Row],[Actual]]<TargetData[[#This Row],[Target ($)]],TargetData[[#This Row],[Actual]],NA()) -> 70511.76 | F6: =IF(TargetData[[#This Row],[Actual]]>=TargetData[[#This Row],[Target ($)]],TargetData[[#This Row],[Actual]],NA()) -> #N/A
A7: 6 | B7: Jun | C7: 90000 | D7: =VLOOKUP(TargetData[[#This Row],[Month Name]],Analysis!C6:D18,2,0) -> 66727.4 | E7: =IF(TargetData[[#This Row],[Actual]]<TargetData[[#This Row],[Target ($)]],TargetData[[#This Row],[Actual]],NA()) -> 66727.4 | F7: =IF(TargetData[[#This Row],[Actual]]>=TargetData[[#This Row],[Target ($)]],TargetData[[#This Row],[Actual]],NA()) -> #N/A
A8: 7 | B8: Jul | C8: 90000 | D8: =VLOOKUP(TargetData[[#This Row],[Month Name]],Analysis!C7:D19,2,0) -> 92661.55 | E8: =IF(TargetData[[#This Row],[Actual]]<TargetData[[#This Row],[Target ($)]],TargetData[[#This Row],[Actual]],NA()) -> #N/A | F8: =IF(TargetData[[#This Row],[Actual]]>=TargetData[[#This Row],[Target ($)]],TargetData[[#This Row],[Actual]],NA()) -> 92661.55
A9: 8 | B9: Aug | C9: 90000 | D9: =VLOOKUP(TargetData[[#This Row],[Month Name]],Analysis!C8:D20,2,0) -> 69125.75 | E9: =IF(TargetData[[#This Row],[Actual]]<TargetData[[#This Row],[Target ($)]],TargetData[[#This Row],[Actual]],NA()) -> 69125.75 | F9: =IF(TargetData[[#This Row],[Actual]]>=TargetData[[#This Row],[Target ($)]],TargetData[[#This Row],[Actual]],NA()) -> #N/A
A10: 9 | B10: Sep | C10: 90000 | D10: =VLOOKUP(TargetData[[#This Row],[Month Name]],Analysis!C9:D21,2,0) -> 78253.53 | E10: =IF(TargetData[[#This Row],[Actual]]<TargetData[[#This Row],[Target ($)]],TargetData[[#This Row],[Actual]],NA()) -> 78253.53 | F10: =IF(TargetData[[#This Row],[Actual]]>=TargetData[[#This Row],[Target ($)]],TargetData[[#This Row],[Actual]],NA()) -> #N/A
A11: 10 | B11: Oct | C11: 80000 | D11: =VLOOKUP(TargetData[[#This Row],[Month Name]],Analysis!C10:D22,2,0) -> 87136.37 | E11: =IF(TargetData[[#This Row],[Actual]]<TargetData[[#This Row],[Target ($)]],TargetData[[#This Row],[Actual]],NA()) -> #N/A | F11: =IF(TargetData[[#This Row],[Actual]]>=TargetData[[#This Row],[Target ($)]],TargetData[[#This Row],[Actual]],NA()) -> 87136.37
A12: 11 | B12: Nov | C12: 80000 | D12: =VLOOKUP(TargetData[[#This Row],[Month Name]],Analysis!C11:D23,2,0) -> 75659.86 | E12: =IF(TargetData[[#This Row],[Actual]]<TargetData[[#This Row],[Target ($)]],TargetData[[#This Row],[Actual]],NA()) -> 75659.86 | F12: =IF(TargetData[[#This Row],[Actual]]>=TargetData[[#This Row],[Target ($)]],TargetData[[#This Row],[Actual]],NA()) -> #N/A
A13: 12 | B13: Dec | C13: 80000 | D13: =VLOOKUP(TargetData[[#This Row],[Month Name]],Analysis!C12:D24,2,0) -> 90997.39 | E13: =IF(TargetData[[#This Row],[Actual]]<TargetData[[#This Row],[Target ($)]],TargetData[[#This Row],[Actual]],NA()) -> #N/A | F13: =IF(TargetData[[#This Row],[Actual]]>=TargetData[[#This Row],[Target ($)]],TargetData[[#This Row],[Actual]],NA()) -> 90997.39

Sheet Customer
A1: Customer Name | B1: Country | C1: Region
A2: Customer01 | B2: Nigeria | C2: Export
A3: Customer02 | B3: Bangladesh | C3: Export
A4: Customer03 | B4: India | C4: Northeast
A5: Customer04 | B5: Saudi Arabia | C5: Export
A6: Customer05 | B6: India | C6: Northeast
A7: Customer06 | B7: Pakistan | C7: Export
A8: Customer07 | B8: Indonesia | C8: Export
A9: Customer08 | B9: United Kingdom | C9: Export
A10: Customer09 | B10: Russia | C10: Export
A11: Customer10 | B11: India | C11: South
A12: Customer11 | B12: Mexico | C12: Export
... A41: Customer40 | B41: United States of America | C41: Export

Sheet Analysis
A1: Sum of Actual | C1: Month | D1: Sum of Actual | F1: Week | G1: Sum of Actual | I1: Customer Name | J1: Sum of Actual | L1: Product | M1: Sum of Actual | O1: Region | P1: Sum of Actual | R1: Country | S1: Sum of Actual
A2: 984571.06 | C2: Jan | D2: 92118.79 | F2: 1 | G2: 5179.59 | I2: Customer33 | J2: 60929.15 | L2: Product30 | M2: 57968.64 | O2: Central | P2: 72920.48 | R2: Bangladesh | S2: 31336.23 | U2: {=OFFSET($R$1,1,0,COUNT($S:$S),2)} -> Bangladesh | V2: 31336.23
C3: Feb | D3: 91137.05 | F3: 2 | G3: 21116.73 | I3: Customer22 | J3: 45112.95 | L3: Product41 | M3: 57554.28 | O3: East | P3: 75939.73 | R3: Brazil | S3: 39438.44 | U3: Brazil | V3: 39438.44
A4: =GETPIVOTDATA("Actual",$A$1) -> 984571.06 | C4: Mar | D4: 97920.72 | F4: 3 | G4: 14261.19 | I4: Customer23 | J4: 43062.83 | L4: Product24 | M4: 49599.36 | O4: Export | P4: 531575.62 | R4: Ethiopia | S4: 39653.93 | U4: Ethiopia | V4: 39653.93
C5: Apr | D5: 72320.89 | F5: 4 | G5: 11433.2 | L5: Product19 | M5: 41580 | O5: North | P5: 45081.78 | R5: France | S5: 14337.4 | U5: France | V5: 14337.4
C6: May | D6: 70511.76 | F6: 5 | G6: 33727.55 | I6: =I2 -> Customer33 | J6: =J2 -> 60929.15 | L6: Product22 | M6: 41055.3 | O6: Northeast | P6: 83994.49 | R6: Germany | S6: 16810.72 | U6: Germany | V6: 16810.72
C7: Jun | D7: 66727.4 | F7: 6 | G7: 34794.82 | I7: =I3 -> Customer22 | J7: =J3 -> 45112.95 | L7: Product32 | M7: 40883.04 | O7: South | P7: 53277.57 | R7: India | S7: 452995.44 | U7: India | V7: 452995.44
C8: Jul | D8: 92661.55 | F8: 7 | G8: 32107.1 | I8: =I4 -> Customer23 | J8: =J4 -> 43062.83 | L8: Product21 | M8: 39659.76 | O8: Western | P8: 121781.39 | R8: Indonesia | S8: 8394.32 | U8: Indonesia | V8: 8394.32
C9: Aug | D9: 69125.75 | F9: 8 | G9: 11777.67 | L9: Product05 | M9: 38591.28 | R9: Mexico | S9: 65776.76 | U9: Mexico | V9: 65776.76
C10: Sep | D10: 78253.53 | F10: 9 | G10: 17571.59 | L10: Product42 | M10: 38232 | R10: Nigeria | S10: 39993.27 | U10: Nigeria | V10: 39993.27
C11: Oct | D11: 87136.37 | F11: 10 | G11: 17413.3 | L11: Product10 | M11: 34991.64 | R11: Pakistan | S11: 77523.28 | U11: Pakistan | V11: 77523.28
C12: Nov | D12: 75659.86 | F12: 11 | G12: 18811.39 | R12: Russia | S12: 63344.34 | U12: Russia | V12: 63344.34
C13: Dec | D13: 90997.39 | F13: 12 | G13: 29446.46 | R13: Saudi Arabia | S13: 38317.79 | U13: Saudi Arabia | V13: 38317.79
F14: 13 | G14: 22723.6 | R14: South Africa | S14: 32808.02 | U14: South Africa | V14: 32808.02
F15: 14 | G15: 13729.81 | R15: United Kingdom | S15: 50749.04 | U15: United Kingdom | V15: 50749.04
F16: 15 | G16: 27820.09 | R16: United States of America | S16: 13092.08 | U16: United States of America | V16: 13092.08
F17: 16 | G17: 9407.51
F18: 17 | G18: 22127.3
F19: 18 | G19: 11809.4
F20: 19 | G20: 12750.54
F21: 20 | G21: 19691.76
F22: 21 | G22: 19171.71
F23: 22 | G23: 11617.86
F24: 23 | G24: 17000.62
F25: 24 | G25: 15273.35
F26: 25 | G26: 23043.47
F27: 26 | G27: 13593.79
F28: 27 | G28: 13197.89
... F54: 53 | G54: 27195.9
